{
    "arrows": {
        "up": 1073741906,
        "down": 1073741905,
        "left": 1073741904,
        "right": 1073741903
    },
    "wasd": {
        "up": 119,
        "down": 115,
        "left": 97,
        "right": 100
    },
    "tfgh": {
        "up": 116,
        "down": 103,
        "left": 102,
        "right": 104
    },
    "ijkl": {
        "up": 105,
        "down": 107,
        "left": 106,
        "right": 108
    },
    "[;'RETURN": {
        "up": 91,
        "down": 39,
        "left": 59,
        "right": 13
    },
    "HOME,DELETE,END,PAGEDOWN": {
        "up": 1073741898,
        "down": 1073741901,
        "left": 127,
        "right": 1073741902
    },
    "KPDIVIDE789": {
        "up": 1073741908,
        "down": 1073741920,
        "left": 1073741919,
        "right": 1073741921
    },
    "KP5123": {
        "up": 1073741917,
        "down": 1073741914,
        "left": 1073741913,
        "right": 1073741915
    }
}